Type,Name,Request Count,Failure Count,Median Response Time,Average Response Time,Min Response Time,Max Response Time,Average Content Size,Requests/s,Failures/s,50%,66%,75%,80%,90%,95%,98%,99%,99.9%,99.99%,100%
GET,/,323,0,120.0,122.12973663162339,87.57797499856679,334.82083799754037,24577.0,0.8921490429764489,0.0,120,120,130,130,140,150,160,230,330,330,330
,Aggregated,323,0,120.0,122.12973663162339,87.57797499856679,334.82083799754037,24577.0,0.8921490429764489,0.0,120,120,130,130,140,150,160,230,330,330,330
